site_id,image_url,title_en,caption_en
439134,https://upload.wikimedia.org/wikipedia/commons/thumb/2/29/Corcomroe_Abbey%2C_near_Bealaclugga%2C_Co.Clare_-_geograph.org.uk_-_3060478.jpg/640px-Corcomroe_Abbey%2C_near_Bealaclugga%2C_Co.Clare_-_geograph.org.uk_-_3060478.jpg,"Corcomroe Abbey, County Clare",
439135,https://upload.wikimedia.org/wikipedia/commons/thumb/4/4a/Ennis_-_Friary_ruins_-_geograph.org.uk_-_4637107.jpg/640px-Ennis_-_Friary_ruins_-_geograph.org.uk_-_4637107.jpg,"Ennis Friary, County Clare",
439136,https://upload.wikimedia.org/wikipedia/commons/thumb/e/e5/Mitchelstown_Cave_%28geograph_6008645%29.jpg/640px-Mitchelstown_Cave_%28geograph_6008645%29.jpg,"Dunmore Cave, County Kilkenny",
439137,https://upload.wikimedia.org/wikipedia/commons/thumb/b/be/Scattery_Island_%28Inis_Cathaig%29%2C_Co._Clare_%2812%29_-_St._Senan%27s_Oratory_%5E_Teampall_Naomh_Mhuire_Cathedral_-_geograph.org.uk_-_4643268.jpg/640px-Scattery_Island_%28Inis_Cathaig%29%2C_Co._Clare_%2812%29_-_St._Senan%27s_Oratory_%5E_Teampall_Naomh_Mhuire_Cathedral_-_geograph.org.uk_-_4643268.jpg,"Scattery Island, County Clare",
439138,https://upload.wikimedia.org/wikipedia/commons/thumb/f/f2/Castles_of_Munster%2C_Ballybeg%2C_Cork_-_geograph.org.uk_-_1392866.jpg/640px-Castles_of_Munster%2C_Ballybeg%2C_Cork_-_geograph.org.uk_-_1392866.jpg,"Ballybeg Abbey, County Cork",
439139,https://upload.wikimedia.org/wikipedia/commons/thumb/f/ff/Barryscourt.jpg/640px-Barryscourt.jpg,"Barryscourt Castle, County Cork",
439140,https://heritageireland.ie/assets/uploads/2024/07/Cahervagliar-3-scaled.jpg,"Cahervagliar Ringfort, County Cork",
439141,https://upload.wikimedia.org/wikipedia/commons/thumb/5/57/Desmond_Castle_-_geograph.org.uk_-_6051684.jpg/640px-Desmond_Castle_-_geograph.org.uk_-_6051684.jpg,"Desmond Castle - French Prison, County Cork",
439142,https://upload.wikimedia.org/wikipedia/commons/thumb/7/7d/The_Kilnaruan_Stone%2C_Bantry_-_geograph.org.uk_-_728140.jpg/640px-The_Kilnaruan_Stone%2C_Bantry_-_geograph.org.uk_-_728140.jpg,"Kilnaruane Pillar Stone, County Cork",
439143,https://upload.wikimedia.org/wikipedia/commons/thumb/c/c5/Charles_Fort%2C_Kinsale_-_geograph.org.uk_-_250203.jpg/640px-Charles_Fort%2C_Kinsale_-_geograph.org.uk_-_250203.jpg,"Charles Fort, County Cork",
439144,https://upload.wikimedia.org/wikipedia/commons/thumb/e/e5/Drombeg_Stone_Circle_-_geograph.org.uk_-_6412402.jpg/640px-Drombeg_Stone_Circle_-_geograph.org.uk_-_6412402.jpg,"Drombeg Stone Circle, County Cork",
439145,https://upload.wikimedia.org/wikipedia/commons/thumb/b/ba/Clogh_Oughter_Castle_Cavan_Ireland_geograph_1405851_by_Oliver_Dixon.jpg/640px-Clogh_Oughter_Castle_Cavan_Ireland_geograph_1405851_by_Oliver_Dixon.jpg,"Cloughoughter Castle, County Cavan",
439146,https://upload.wikimedia.org/wikipedia/commons/thumb/9/96/The_round_tower%2C_Drumlane_Abbey_-_geograph.org.uk_-_1405855.jpg/640px-The_round_tower%2C_Drumlane_Abbey_-_geograph.org.uk_-_1405855.jpg,"Drumlane, County Cavan",
439147,https://upload.wikimedia.org/wikipedia/commons/thumb/5/54/Church_of_St_Audoen_-_geograph.org.uk_-_6021081.jpg/640px-Church_of_St_Audoen_-_geograph.org.uk_-_6021081.jpg,"St. Audoens Church, Dublin City",
439148,https://upload.wikimedia.org/wikipedia/commons/thumb/7/79/Brownshill_portal_tomb_-_geograph.org.uk_-_456781.jpg/640px-Brownshill_portal_tomb_-_geograph.org.uk_-_456781.jpg,"Browneshill Megalithic Tomb, County Carlow",
439149,https://upload.wikimedia.org/wikipedia/commons/thumb/4/4a/Lush_Church_%28Co._Dublin%29.jpg/640px-Lush_Church_%28Co._Dublin%29.jpg,"Lusk, County Dublin",
439150,https://upload.wikimedia.org/wikipedia/commons/thumb/1/12/Saint_Mullins_Monastery_-_geograph.org.uk_-_547334.jpg/640px-Saint_Mullins_Monastery_-_geograph.org.uk_-_547334.jpg,"Saint Mullin’s Ecclesiastical Site, County Carlow",
439151,https://upload.wikimedia.org/wikipedia/commons/thumb/a/a3/Howth_Church_2012.JPG/640px-Howth_Church_2012.JPG,"St. Mary's Abbey Abbey, Dublin City",
439152,https://upload.wikimedia.org/wikipedia/commons/thumb/1/16/Rathfarnham_Castle_-_geograph.org.uk_-_447199.jpg/640px-Rathfarnham_Castle_-_geograph.org.uk_-_447199.jpg,"Rathfarnham Castle, County Dublin",
439153,https://upload.wikimedia.org/wikipedia/commons/thumb/f/fb/Castles_of_Leinster%2C_Monkstown%2C_Co._Dublin_%282%29_-_geograph.org.uk_-_5029148.jpg/640px-Castles_of_Leinster%2C_Monkstown%2C_Co._Dublin_%282%29_-_geograph.org.uk_-_5029148.jpg,"Monkstown Castle, County Dublin",
439154,https://upload.wikimedia.org/wikipedia/commons/thumb/b/b4/Donegal_Castle%2C_Donegal_Town_-_geograph.org.uk_-_5501501.jpg/640px-Donegal_Castle%2C_Donegal_Town_-_geograph.org.uk_-_5501501.jpg,"Donegal Castle, County Donegal",
439155,https://upload.wikimedia.org/wikipedia/commons/thumb/a/aa/08._Kilmashogue_Wedge_Tomb%2C_Co._Dublin.jpg/640px-08._Kilmashogue_Wedge_Tomb%2C_Co._Dublin.jpg,"Kilmashogue Megalithic Tomb, County Dublin",
439156,https://upload.wikimedia.org/wikipedia/commons/thumb/7/7b/County_Dublin_-_Kilmainham_Gaol_-_20220712113519.jpeg/640px-County_Dublin_-_Kilmainham_Gaol_-_20220712113519.jpeg,"Kilmainham Gaol, County Dublin",
439157,https://upload.wikimedia.org/wikipedia/commons/thumb/0/06/Griahan_of_aileach.jpg/640px-Griahan_of_aileach.jpg,"The 'Grianán of Aileach', County Donegal",
439158,https://upload.wikimedia.org/wikipedia/commons/thumb/f/f4/Newmills_corn_and_flax_mill_-_geograph.org.uk_-_1975792.jpg/640px-Newmills_corn_and_flax_mill_-_geograph.org.uk_-_1975792.jpg,"Newmills Corn and Flax Mills, County Donegal",
439159,https://upload.wikimedia.org/wikipedia/commons/thumb/8/89/Casino_at_Marino%2C_showing_open_front_door_-_geograph.org.uk_-_1586356.jpg/640px-Casino_at_Marino%2C_showing_open_front_door_-_geograph.org.uk_-_1586356.jpg,"Casino Marino, Dublin City",
439160,https://upload.wikimedia.org/wikipedia/commons/thumb/2/2f/Tully_Church_and_Burial_Ground_-_geograph.org.uk_-_530685.jpg/640px-Tully_Church_and_Burial_Ground_-_geograph.org.uk_-_530685.jpg,"Tully Church, County Dublin",
439161,https://upload.wikimedia.org/wikipedia/commons/thumb/9/96/Kilconnell_Friary_South_Range_3_2009_09_16.jpg/640px-Kilconnell_Friary_South_Range_3_2009_09_16.jpg,"Kilconnell Friary, County Galway",
439162,https://upload.wikimedia.org/wikipedia/commons/thumb/a/af/Castles_of_Connacht%2C_Aughnanure%2C_Galway_%281%29_-_geograph.org.uk_-_1953494.jpg/640px-Castles_of_Connacht%2C_Aughnanure%2C_Galway_%281%29_-_geograph.org.uk_-_1953494.jpg,"Aughnanure Castle, County Galway",
439163,https://upload.wikimedia.org/wikipedia/commons/thumb/2/24/Dun_Aonghasa_-_geograph.org.uk_-_6750433.jpg/640px-Dun_Aonghasa_-_geograph.org.uk_-_6750433.jpg,"Dún Aonghasa, County Galway",
439164,https://upload.wikimedia.org/wikipedia/commons/thumb/c/c8/Castles_of_Connacht%2C_Portumna%2C_Galway_%282%29_-_geograph.org.uk_-_1953423.jpg/640px-Castles_of_Connacht%2C_Portumna%2C_Galway_%282%29_-_geograph.org.uk_-_1953423.jpg,"Portumna Castle, County Galway",
439165,https://upload.wikimedia.org/wikipedia/commons/thumb/3/39/Cgfriary.jpg/640px-Cgfriary.jpg,"Claregalway Friary, County Galway",
439166,https://upload.wikimedia.org/wikipedia/commons/thumb/e/ee/Castle_Ellen_House%2C_Athenry%2C_Galway_%281%29_-_geograph.org.uk_-_4075243.jpg/640px-Castle_Ellen_House%2C_Athenry%2C_Galway_%281%29_-_geograph.org.uk_-_4075243.jpg,"Athenry Castle, County Galway",
439167,https://upload.wikimedia.org/wikipedia/commons/thumb/9/97/Patrick_Pearse%27s_Cottage%2C_near_Rosmuck%2C_Co._Galway_-_geograph.org.uk_-_2261761.jpg/640px-Patrick_Pearse%27s_Cottage%2C_near_Rosmuck%2C_Co._Galway_-_geograph.org.uk_-_2261761.jpg,"Pearse's Cottage, County Galway",
439168,https://upload.wikimedia.org/wikipedia/commons/thumb/b/b5/Old_Kilcullen%2C_County_of_Kildare%2C_1836_%28IA_jstor-30004103%29_%28page_1_crop%29.jpg/640px-Old_Kilcullen%2C_County_of_Kildare%2C_1836_%28IA_jstor-30004103%29_%28page_1_crop%29.jpg,"Old Kilcullen Monastic Site, Co. Kildare",
439169,https://upload.wikimedia.org/wikipedia/commons/thumb/2/29/Castles_of_Leinster%2C_Maynooth%2C_Kildare_-_geograph.org.uk_-_2496412.jpg/640px-Castles_of_Leinster%2C_Maynooth%2C_Kildare_-_geograph.org.uk_-_2496412.jpg,"Maynooth Castle, County Kildare",
439170,https://upload.wikimedia.org/wikipedia/commons/thumb/8/84/Listowel_Castle_-_geograph.org.uk_-_6096428.jpg/640px-Listowel_Castle_-_geograph.org.uk_-_6096428.jpg,"Listowel Castle, County Kerry",
439171,https://upload.wikimedia.org/wikipedia/commons/thumb/9/92/Castles_of_Munster%2C_Carrigafoyle%2C_Kerry_%283%29_-_geograph.org.uk_-_6589944.jpg/640px-Castles_of_Munster%2C_Carrigafoyle%2C_Kerry_%283%29_-_geograph.org.uk_-_6589944.jpg,"Carrigafoyle Castle, County Kerry",
439172,https://upload.wikimedia.org/wikipedia/commons/thumb/e/ed/Ardfert_Friary_-_geograph.org.uk_-_6294008.jpg/640px-Ardfert_Friary_-_geograph.org.uk_-_6294008.jpg,"Ardfert, County Kerry",
439173,https://upload.wikimedia.org/wikipedia/commons/thumb/4/41/Ross_Castle%2C_II%2C_Killarney._County_Kerry%2C_Ireland_LOC_4426658143.jpg/640px-Ross_Castle%2C_II%2C_Killarney._County_Kerry%2C_Ireland_LOC_4426658143.jpg,"Ross Castle, County Kerry",
439174,https://upload.wikimedia.org/wikipedia/commons/thumb/a/ab/Reask_Monastic_Site_-_geograph.org.uk_-_4667856.jpg/640px-Reask_Monastic_Site_-_geograph.org.uk_-_4667856.jpg,"Reask Monastic Site, County Kerry",
439175,https://upload.wikimedia.org/wikipedia/commons/thumb/0/03/Kells_Priory%2C_Kells%2C_County_Kilkenny_-_geograph.org.uk_-_34260.jpg/640px-Kells_Priory%2C_Kells%2C_County_Kilkenny_-_geograph.org.uk_-_34260.jpg,"Kells Priory, County Kilkenny",
439176,https://upload.wikimedia.org/wikipedia/commons/thumb/0/07/Jerpoint_Abbey_-_geograph.org.uk_-_6423603.jpg/640px-Jerpoint_Abbey_-_geograph.org.uk_-_6423603.jpg,"Jerpoint Abbey, County Kilkenny",
439177,https://upload.wikimedia.org/wikipedia/commons/thumb/c/cd/Skellig_Michael_-_cell_E_and_F.jpg/640px-Skellig_Michael_-_cell_E_and_F.jpg,"Skellig Michael, World Heritage Site, County Kerry",
439178,https://upload.wikimedia.org/wikipedia/commons/thumb/9/9d/Ottery_St_Mary%2C_St_Mary%27s_church_-_geograph.org.uk_-_611021.jpg/640px-Ottery_St_Mary%2C_St_Mary%27s_church_-_geograph.org.uk_-_611021.jpg,"St. Mary's Church, Gowran, County Kilkenny",
439179,https://upload.wikimedia.org/wikipedia/commons/thumb/5/56/Timahoe_Round_tower_and_Monastery_-_geograph.org.uk_-_463441.jpg/640px-Timahoe_Round_tower_and_Monastery_-_geograph.org.uk_-_463441.jpg,"Timahoe Round Tower, County Laois",
439180,https://upload.wikimedia.org/wikipedia/commons/thumb/0/0b/Castle_of_Dunamase_im_Abendlicht_02.jpg/640px-Castle_of_Dunamase_im_Abendlicht_02.jpg,"Dunamase Castle, County Laois",
439181,https://upload.wikimedia.org/wikipedia/commons/thumb/8/86/Kilkenny_Castle_-_geograph.org.uk_-_11027.jpg/640px-Kilkenny_Castle_-_geograph.org.uk_-_11027.jpg,"Kilkenny Castle, Kilkenny City",
439182,https://upload.wikimedia.org/wikipedia/commons/thumb/b/bd/County_Leitrim_-_Parke%27s_Castle_-_20230917201532.jpg/640px-County_Leitrim_-_Parke%27s_Castle_-_20230917201532.jpg,"Parke's Castle, County Leitrim",
439183,https://upload.wikimedia.org/wikipedia/commons/thumb/5/5d/Creevelea_Abbey%2C_County_Leitrim.jpg/640px-Creevelea_Abbey%2C_County_Leitrim.jpg,"Creevelea Friary, County Leitrim",
439184,https://upload.wikimedia.org/wikipedia/commons/thumb/d/de/Corlea_Trackway_Visitor_Centre%2C_%28section_of_trackway_on_view%29%2C_Co_Longford_-_geograph.org.uk_-_4638738.jpg/640px-Corlea_Trackway_Visitor_Centre%2C_%28section_of_trackway_on_view%29%2C_Co_Longford_-_geograph.org.uk_-_4638738.jpg,"Corlea Trackway, County Longford",
439185,https://upload.wikimedia.org/wikipedia/commons/thumb/b/bd/Granard_Motte_and_Bailey.jpg/640px-Granard_Motte_and_Bailey.jpg,"Granard Motte and Bailey Castle, County Longford",
439186,https://upload.wikimedia.org/wikipedia/commons/thumb/a/a0/Proleek_Dolmen_-_geograph.org.uk_-_979967.jpg/640px-Proleek_Dolmen_-_geograph.org.uk_-_979967.jpg,"Proleek Megalithic Tombs, County Louth",
439187,https://upload.wikimedia.org/wikipedia/commons/thumb/4/4c/Mellifont_Abbey_-_geograph.org.uk_-_1968288.jpg/640px-Mellifont_Abbey_-_geograph.org.uk_-_1968288.jpg,"Mellifont Abbey, County Louth",
439188,https://upload.wikimedia.org/wikipedia/commons/thumb/3/34/Askeaton_Friary_-_geograph.org.uk_-_497997.jpg/640px-Askeaton_Friary_-_geograph.org.uk_-_497997.jpg,"Askeaton Friary, County Limerick",
439189,https://upload.wikimedia.org/wikipedia/commons/thumb/4/44/Castles_of_Munster%2C_Adare%2C_Limerick_%284%29_-_geograph.org.uk_-_3037476.jpg/640px-Castles_of_Munster%2C_Adare%2C_Limerick_%284%29_-_geograph.org.uk_-_3037476.jpg,"Adare Castle, County Limerick",
439190,https://upload.wikimedia.org/wikipedia/commons/thumb/8/85/Castles_of_Munster%2C_Desmond_Hall_%28Castle_Banqueting_Hall%29%2C_Newcastle_West%2C_Limerick_-_geograph.org.uk_-_1392672.jpg/640px-Castles_of_Munster%2C_Desmond_Hall_%28Castle_Banqueting_Hall%29%2C_Newcastle_West%2C_Limerick_-_geograph.org.uk_-_1392672.jpg,"Desmond Hall, Newcastle West, County Limerick",
439191,https://upload.wikimedia.org/wikipedia/commons/thumb/9/9f/Burrishoole_Abbey_-_geograph.org.uk_-_7224373.jpg/640px-Burrishoole_Abbey_-_geograph.org.uk_-_7224373.jpg,"Burrishoole Friary, County Mayo",
439192,https://upload.wikimedia.org/wikipedia/commons/thumb/b/be/Ceide_Fields_Visitor_Centre_-_geograph.org.uk_-_486592.jpg/640px-Ceide_Fields_Visitor_Centre_-_geograph.org.uk_-_486592.jpg,"Céide Fields, County Mayo",
439193,https://upload.wikimedia.org/wikipedia/commons/thumb/2/23/Murrisk_Friary_-_geograph.org.uk_-_6393314.jpg/640px-Murrisk_Friary_-_geograph.org.uk_-_6393314.jpg,"Murrisk Friary, County Mayo",
439194,https://upload.wikimedia.org/wikipedia/commons/thumb/5/5d/Castles_of_Leinster%2C_Bective%2C_Meath_%282%29_-_geograph.org.uk_-_2496284.jpg/640px-Castles_of_Leinster%2C_Bective%2C_Meath_%282%29_-_geograph.org.uk_-_2496284.jpg,"Bective Abbey, County Meath",
439195,https://upload.wikimedia.org/wikipedia/commons/thumb/b/be/Passage_tombs_on_Slieve_na_Calliagh%2C_Co._Meath_-_geograph.org.uk_-_1003032.jpg/640px-Passage_tombs_on_Slieve_na_Calliagh%2C_Co._Meath_-_geograph.org.uk_-_1003032.jpg,"Loughcrew Megalithic Cemetery, County Meath",
439196,https://upload.wikimedia.org/wikipedia/commons/thumb/6/67/Satellite_tombs_next_to_the_main_burial_mound_at_Knowth_-_geograph.org.uk_-_2192059.jpg/640px-Satellite_tombs_next_to_the_main_burial_mound_at_Knowth_-_geograph.org.uk_-_2192059.jpg,"Knowth Passage Tomb Cemetery, County Meath",
439197,https://upload.wikimedia.org/wikipedia/commons/thumb/5/52/Newgrange_-_geograph.org.uk_-_14526.jpg/640px-Newgrange_-_geograph.org.uk_-_14526.jpg,"Newgrange Passage Tomb, County Meath",
439198,https://upload.wikimedia.org/wikipedia/commons/thumb/e/e7/Castle_In_Trim%2C_County_Meath_-_geograph.org.uk_-_303169.jpg/640px-Castle_In_Trim%2C_County_Meath_-_geograph.org.uk_-_303169.jpg,"Trim Castle, County Meath",
439199,https://upload.wikimedia.org/wikipedia/commons/thumb/c/ca/Skreen_Church%2C_Co_Meath_-_geograph.org.uk_-_1760539.jpg/640px-Skreen_Church%2C_Co_Meath_-_geograph.org.uk_-_1760539.jpg,"Skreen Church, County Meath",
439200,https://upload.wikimedia.org/wikipedia/commons/thumb/8/87/Earthworks%2C_Hill_of_Tara_-_geograph.org.uk_-_5925789.jpg/640px-Earthworks%2C_Hill_of_Tara_-_geograph.org.uk_-_5925789.jpg,"Hill of Tara, County Meath",
439201,https://upload.wikimedia.org/wikipedia/commons/thumb/3/31/Abbey_of_St._Peter_-_Paul%2C_Clones._-_geograph.org.uk_-_692349.jpg/640px-Abbey_of_St._Peter_-_Paul%2C_Clones._-_geograph.org.uk_-_692349.jpg,"Abbey Church, Clones, County Monaghan",
439202,https://upload.wikimedia.org/wikipedia/commons/thumb/6/6a/Round_tower%2C_St_Tighernach%27s_Cemetery_-_geograph.org.uk_-_3001779.jpg/640px-Round_tower%2C_St_Tighernach%27s_Cemetery_-_geograph.org.uk_-_3001779.jpg,"Clones Round Tower and Sarcophagus, County Monaghan",
439203,https://upload.wikimedia.org/wikipedia/commons/thumb/2/26/Celtic_Cross_Clones_-_geograph.org.uk_-_1387474.jpg/640px-Celtic_Cross_Clones_-_geograph.org.uk_-_1387474.jpg,"Clones High Cross, County Monaghan",
439204,https://upload.wikimedia.org/wikipedia/commons/thumb/a/ad/The_monastic_site_of_Clonmacnoise%2C_Co._Offaly_%282%29_-_geograph.org.uk_-_5029848.jpg/640px-The_monastic_site_of_Clonmacnoise%2C_Co._Offaly_%282%29_-_geograph.org.uk_-_5029848.jpg,"Clonmacnoise, County Offaly",
439205,https://upload.wikimedia.org/wikipedia/commons/thumb/0/09/Seir_Kieran_St._Ciaran%27s_Church_SW_2010_09_09.jpg/640px-Seir_Kieran_St._Ciaran%27s_Church_SW_2010_09_09.jpg,"Sierkieran Monastic Site, County Offaly",
439206,https://upload.wikimedia.org/wikipedia/commons/thumb/a/a0/Boyle_Abbey_from_the_cloister_-_geograph.org.uk_-_1969025.jpg/640px-Boyle_Abbey_from_the_cloister_-_geograph.org.uk_-_1969025.jpg,"Boyle Abbey, County Roscommon",
439207,https://upload.wikimedia.org/wikipedia/commons/thumb/3/36/Multivallate_Ringfort_at_Rathrar_%28Rathbarna_Enclosure_Complex%29%2C_Co_Roscommon%2C_Ireland.jpg/640px-Multivallate_Ringfort_at_Rathrar_%28Rathbarna_Enclosure_Complex%29%2C_Co_Roscommon%2C_Ireland.jpg,"Rathcroghan, County Roscommon",
439208,https://upload.wikimedia.org/wikipedia/commons/thumb/f/f0/Carrowmore_Sligo_Ireland.jpg/640px-Carrowmore_Sligo_Ireland.jpg,"Carrowmore Megalithic Cemetery, County Sligo",
439209,https://upload.wikimedia.org/wikipedia/commons/thumb/1/15/Castles_of_Connacht%2C_Roscommon%2C_Co._Roscommon_%281%29_-_geograph.org.uk_-_1954250.jpg/640px-Castles_of_Connacht%2C_Roscommon%2C_Co._Roscommon_%281%29_-_geograph.org.uk_-_1954250.jpg,"Roscommon Castle, County Roscommon",
439210,https://upload.wikimedia.org/wikipedia/commons/thumb/4/46/Cemetery_and_ruins_of_Dominican_Friary%2C_Tulsk_-_geograph.org.uk_-_2708927.jpg/640px-Cemetery_and_ruins_of_Dominican_Friary%2C_Tulsk_-_geograph.org.uk_-_2708927.jpg,"Roscommon Friary, County Roscommon",
439211,https://upload.wikimedia.org/wikipedia/commons/thumb/4/46/Sligo_Abbey_Friary.jpg/640px-Sligo_Abbey_Friary.jpg,"Sligo Abbey, Sligo",
439212,https://upload.wikimedia.org/wikipedia/commons/thumb/0/04/Castles_of_Munster%2C_Roscrea%2C_Tipperary_-_geograph.org.uk_-_1952510.jpg/640px-Castles_of_Munster%2C_Roscrea%2C_Tipperary_-_geograph.org.uk_-_1952510.jpg,"Roscrea Castle and Damer House, County Tipperary",
439213,https://upload.wikimedia.org/wikipedia/commons/thumb/a/a6/Cahir_Castle_-_geograph.org.uk_-_5908162.jpg/640px-Cahir_Castle_-_geograph.org.uk_-_5908162.jpg,"Cahir Castle, Cahir, County Tipperary",
439214,https://upload.wikimedia.org/wikipedia/commons/thumb/8/87/The_Rock_of_Cashel%2C_County_Tipperary_-_geograph.org.uk_-_325172.jpg/640px-The_Rock_of_Cashel%2C_County_Tipperary_-_geograph.org.uk_-_325172.jpg,"Rock of Cashel, County Tipperary",
439215,https://upload.wikimedia.org/wikipedia/commons/thumb/a/ae/Moor_Abbey_-_geograph.org.uk_-_5534151.jpg/640px-Moor_Abbey_-_geograph.org.uk_-_5534151.jpg,"Moorabbey, County Tipperary",
439216,https://upload.wikimedia.org/wikipedia/commons/thumb/f/fe/Cluain_Meala_%28Clonmel%29%2C_The_Main_Guard_-_geograph.org.uk_-_260570.jpg/640px-Cluain_Meala_%28Clonmel%29%2C_The_Main_Guard_-_geograph.org.uk_-_260570.jpg,"The Main Guard, Clonmel, County Tipperary",
439217,https://upload.wikimedia.org/wikipedia/commons/thumb/7/77/Ormonde_Castle_-_Carrick-on-Suir.jpg/640px-Ormonde_Castle_-_Carrick-on-Suir.jpg,"Ormond Castle, Carrick-on-Suir, County Tipperary",
439218,https://heritageireland.ie/assets/uploads/2020/03/Famine-WarHouse-1848-entrance.jpg,"The 'Famine Warhouse 1848', County Tipperary",
439219,https://upload.wikimedia.org/wikipedia/commons/thumb/9/9c/Swiss_Cottage_by_Nash_-_Kilcommon%2C_County_Tipperary_-_geograph.org.uk_-_6274211.jpg/640px-Swiss_Cottage_by_Nash_-_Kilcommon%2C_County_Tipperary_-_geograph.org.uk_-_6274211.jpg,"Swiss Cottage, County Tipperary",
439220,https://upload.wikimedia.org/wikipedia/commons/thumb/e/e0/Reginald%27s_Tower%2C_Waterford_-_geograph.org.uk_-_5821002.jpg/640px-Reginald%27s_Tower%2C_Waterford_-_geograph.org.uk_-_5821002.jpg,"Reginalds Tower, Waterford City",
439221,https://upload.wikimedia.org/wikipedia/commons/thumb/a/a6/County_Waterford_-_Dungarvan_Castle_-_20170921145453.jpg/640px-County_Waterford_-_Dungarvan_Castle_-_20170921145453.jpg,"Dungarvan Castle, County Waterford",
439222,https://upload.wikimedia.org/wikipedia/commons/thumb/2/24/Digital_Eye%E2%80%932015%E2%80%93Baltinglass_Abbey.jpg/640px-Digital_Eye%E2%80%932015%E2%80%93Baltinglass_Abbey.jpg,"Baltinglass Abbey, County Wicklow",
439223,https://upload.wikimedia.org/wikipedia/commons/thumb/f/fb/Aghowle_Church_-_geograph.org.uk_-_6045972.jpg/640px-Aghowle_Church_-_geograph.org.uk_-_6045972.jpg,"Aghowle Church, County Wicklow",
439224,https://upload.wikimedia.org/wikipedia/commons/thumb/b/b5/Glendalough_and_the_round_tower_-_geograph.org.uk_-_1773839.jpg/640px-Glendalough_and_the_round_tower_-_geograph.org.uk_-_1773839.jpg,"Glendalough, County Wicklow",
439225,https://heritageireland.ie/assets/uploads/2020/03/Dwyer-McAllister-Cottage-Exterior.jpg,"The Dwyer McAllister Cottage, County Wicklow",
439226,https://upload.wikimedia.org/wikipedia/commons/thumb/0/08/Gatehouse_of_Fore_Abbey_%28East_Gate%29_%282%29%2C_Fore%2C_Co._Westmeath_-_geograph.org.uk_-_7914769.jpg/640px-Gatehouse_of_Fore_Abbey_%28East_Gate%29_%282%29%2C_Fore%2C_Co._Westmeath_-_geograph.org.uk_-_7914769.jpg,"Fore, County Westmeath",
439227,https://upload.wikimedia.org/wikipedia/commons/thumb/8/85/Site_of_Celtic_Festival_of_Bealtaine.jpg/640px-Site_of_Celtic_Festival_of_Bealtaine.jpg,"Hill of Uisneach, County Westmeath",
439228,https://upload.wikimedia.org/wikipedia/commons/thumb/7/70/Castles_of_Leinster%2C_Ferns%2C_Wexford_-_geograph.org.uk_-_1543185.jpg/640px-Castles_of_Leinster%2C_Ferns%2C_Wexford_-_geograph.org.uk_-_1543185.jpg,"Ferns Castle, County Wexford",
439229,https://upload.wikimedia.org/wikipedia/commons/thumb/6/65/Ferns_Cathedral_-_geograph.org.uk_-_469465.jpg/640px-Ferns_Cathedral_-_geograph.org.uk_-_469465.jpg,"Ferns Cathedral and High Crosses, County Wexford",
439230,https://upload.wikimedia.org/wikipedia/commons/thumb/0/02/St_Mary%27s_Abbey%2C_Ferns_-_geograph.org.uk_-_1543813.jpg/640px-St_Mary%27s_Abbey%2C_Ferns_-_geograph.org.uk_-_1543813.jpg,"Ferns Abbey, County Wexford",
439231,https://www.buildingsofireland.ie/building-images/niah/images/survey_specific/800/15701922_1.jpg,"St. Peter's Church, Ferns, County Wexford",
439232,https://upload.wikimedia.org/wikipedia/commons/thumb/5/5f/Ballyhack_Castle.jpg/640px-Ballyhack_Castle.jpg,"Ballyhack Castle, County Wexford",
439233,https://upload.wikimedia.org/wikipedia/commons/thumb/a/a2/Tintern_Abbey_%28Co._Wexford%29.jpg/640px-Tintern_Abbey_%28Co._Wexford%29.jpg,"Tintern Abbey, County Wexford",